Title,Url,Author and Date
What Is Data Scraping And How Can You Use It? - Target ...,https://www.targetinternet.com/what-is-data-scraping-and-how-can-you-use-it/,"Target Internet · Sept 13, 2017"
What is data scraping? - YouTube,https://www.youtube.com/watch?v=COeMzrSYgvw,"YouTube · The Hindu · Oct 30, 2020"
What is Web Scraping and What is it Used For? | ParseHub,https://www.parsehub.com/blog/what-is-web-scraping/,"ParseHub · ParseHub · Aug 1, 2021"
8 Best Web Scraping Tools - Learn - Hevo Data,https://hevodata.com/learn/8-best-web-scraping-tools/,"Hevo Data · Hevo Data · Feb 6, 2021"
Web Scraping Techniques: How to Scrape Data from the Internet,https://www.parsehub.com/blog/web-scraping-techniques/,"ParseHub · ParseHub · Mar 16, 2020"
What is DATA SCRAPING? What does DATA ... - YouTube,https://www.youtube.com/watch?v=omTtMylcWOI,"YouTube · The Audiopedia · Sept 21, 2017"
Data Scraping from Websites to Excel - YouTube,https://www.youtube.com/watch?v=aClnnoQK9G0,"YouTube · Azharul Rafy · Aug 20, 2021"
Top 10 Data Scraping Tools for 2021 | Octoparse,https://www.octoparse.com/blog/best-data-scraping-tools-for-2021,"Octoparse · Octoparse · Jan 24, 2021"
Web Scraping Examples: How are Businesses Using Web ...,https://www.parsehub.com/blog/web-scraping-examples/,"ParseHub · ParseHub · Oct 28, 2019"
Top 30 Free Web Scraping Software in 2021 | Octoparse,https://www.octoparse.com/blog/top-30-free-web-scraping-software,"Octoparse · Octoparse · Aug 3, 2021"
Is Web Scraping Easy? How to Scrape Data without Coding ...,https://www.parsehub.com/blog/web-scraping-easy/,"ParseHub · ParseHub · Feb 10, 2020"
Web Scraping Software - UiPath,https://www.uipath.com/solutions/technology/web-scraping-software,"UiPath · UiPath · Jan 31, 2015"
Web Scraping vs Data Mining: What's the Difference?,https://www.parsehub.com/blog/web-scraping-vs-data-mining/,"ParseHub · ParseHub · Mar 2, 2020"
Web Scraping with Power BI & Python - 3Cloud LLC.,https://3cloudsolutions.com/post/web-scraping-with-power-bi-python-2/,"3Cloud · 3Cloud · Apr 21, 2020"
Web Scraping vs API: What's the Difference? | ParseHub,https://www.parsehub.com/blog/web-scraping-vs-api/,"ParseHub · ParseHub · Mar 9, 2020"
7 Best Web Scraping Tools To Extract Data - Better ...,https://betterprogramming.pub/data-scraping-tools-7cb76eeab89e,"Better Programming · Rakia Ben Sassi · Apr 26, 2021"
Data Scraping for SEO & Analytics - Tutorial - Optimize Smart,https://www.optimizesmart.com/data-scraping-guide-for-seo/,"Optimize Smart · Garrett French CL · Sept 1, 2014"
Data scraping – the attraction and the legal and ethical risks,https://www.privacylaws.com/events-gateway/events/datascraping2021/,"Privacy Laws &amp; Business · Oct 12, 2021"
How to Scrape Websites at Large Scale | Octoparse,https://www.octoparse.com/blog/scrape-websites-at-large-scale,"Octoparse · Octoparse · Jan 20, 2021"
Top 5 Social Media Scraping Tools for 2021 | Octoparse,https://www.octoparse.com/blog/top-5-social-media-scraping-tools-for-2021,"Octoparse · Octoparse · Aug 12, 2021"
Watch | What is data scraping? - The Hindu,https://www.thehindu.com/sci-tech/technology/what-is-data-scraping/article32908610.ece,"The Hindu · Oct 21, 2020"
An introduction to web scraping with Python - Towards Data ...,https://towardsdatascience.com/an-introduction-to-web-scraping-with-python-a2601e8619e5,"Towards Data Science · Raimi bin Karim · Dec 11, 2018"
Python Web Scraping Tutorial: Step-By-Step [2022 Guide] - Blog,https://oxylabs.io/blog/python-web-scraping,"Oxylabs · Oxylabs · Aug 9, 2021"
Manage and Prevent Web Scraping | F5,https://www.f5.com/solutions/scraping,"F5 Networks · Shape Security · Apr 14, 2018"
The Best Web Scraping Tools for 2021 - ScrapingBee,https://www.scrapingbee.com/blog/web-scraping-tools/,"ScrapingBee · Web Scraper · Feb 12, 2021"
Best Data Scraping Tools for 2021 (Top 10 Reviews),https://medium.datadriveninvestor.com/best-data-scraping-tools-for-2019-top-10-reviews-4a686061a184,"DataDrivenInvestor · Octoparse · May 6, 2019"
Practical Introduction to Web Scraping in R | R-bloggers,https://www.r-bloggers.com/2019/04/practical-introduction-to-web-scraping-in-r/,"R-bloggers · Rsquared Academy · Apr 10, 2019"
What can Web Scraping be Used For? | ParseHub,https://www.parsehub.com/blog/web-scraping-uses/,"ParseHub · ParseHub · Feb 17, 2020"
Data Scraping Crawler | Phantombuster,https://phantombuster.com/automations/toolbox/22972/data-scraping-crawler,"Phantombuster · PhantomBuster · Aug 25, 2021"
Web Scraping: Let Web Data Feed Your Website - WP All Import,https://www.wpallimport.com/web-scraping/,"WP All Import · Octoparse · Oct 4, 2021"
How much does Web Scraping cost? | ParseHub,https://www.parsehub.com/blog/web-scraping-cost/,"ParseHub · ParseHub · Apr 6, 2020"
Implementing Web Scraping in Python with BeautifulSoup,https://www.geeksforgeeks.org/implementing-web-scraping-python-beautiful-soup/,"GeeksforGeeks · GeeksforGeeks · May 15, 2021"
Web Scraping for Data Science — Is it legal? | by Frank Andrade,https://medium.datadriveninvestor.com/web-scraping-for-data-science-is-it-legal-266fb51171ec,"DataDrivenInvestor · Frank Andrade · Dec 20, 2020"
How does web scraping work? | ParseHub,https://www.parsehub.com/blog/how-web-scraping-works/,"ParseHub · ParseHub · Feb 24, 2020"
Helium Scraper: Web Scraper,https://www.heliumscraper.com/eng/,"Helium Scraper · Dec 29, 2010"
Can you Make Money from Web Scraping? - ParseHub,https://www.parsehub.com/blog/web-scraping-money/,"ParseHub · ParseHub · Mar 30, 2020"
"How to Scrape Amazon Product Data: Names, Pricing, ASIN, etc.",https://www.parsehub.com/blog/scrape-amazon-product-data/,"ParseHub · ParseHub · Nov 9, 2020"
Top Web Scraping Services For Your Ecommerce Store,https://firebearstudio.com/blog/ecommerce-magento-web-scraping.html,"Firebear Studio · Diogo Munaro · Feb 13, 2017"
Web scraping for Beginners | Introduction guide - ParseHub,https://www.parsehub.com/blog/beginners-guide-to-web-scraping/,"ParseHub · ParseHub · Nov 17, 2020"
Automate Web Data Extraction and Scraping - HelpSystems,https://www.helpsystems.com/product-lines/automate/use/data-scraping-extraction,"HelpSystems · Mar 20, 2017"
Introduction to Web Scraping Using Python - Media ...,https://media.dlib.indiana.edu/object/k22534gz8j,"Media Collections Online · Feb 23, 2018"
Is Web Scraping Legal? Explanation and Examples | ParseHub,https://www.parsehub.com/blog/web-scraping-legal/,"ParseHub · ParseHub · Jul 14, 2021"
What is Web Scraping? - Blog | Oxylabs,https://oxylabs.io/blog/what-is-web-scraping,"Oxylabs · Oxylabs · Mar 16, 2021"
Web Scraping vs Web Crawling: The Differences - Blog,https://oxylabs.io/blog/crawling-vs-scraping,"Oxylabs · Oxylabs · May 4, 2021"
11 Popular Cloud-based Web Scraping Solutions - Geekflare,https://geekflare.com/web-scraping-tools/,Geekflare · Web Scraper · 1 month ago
Web Scraping Basics — Scraping a Betting Site in 10 Minutes,https://medium.com/swlh/web-scraping-basics-scraping-a-betting-site-in-10-minutes-8e0529509848,"Medium · Frank Andrade · Oct 28, 2020"
Guide to Web Scraping in e-Commerce: Use Cases ...,https://research.aimultiple.com/web-scraping-ecommerce/,"AIMultiple · Bright Data - Formerly Luminati Networks · Aug 17, 2021"
3 Most Practical Uses of eCommerce Data Scraping Tools,https://www.octoparse.com/blog/most-practical-uses-of-ecommerce-data-scraping-tools,"Octoparse · Octoparse · Jun 2, 2020"
How to Scrape a Website that Requires Login | ParseHub,https://www.parsehub.com/blog/web-scrape-login/,"ParseHub · ParseHub · Jan 20, 2020"
Web Scraping - Research-IT,https://research-it.wharton.upenn.edu/data/webscraping/,"Powering Research @ Wharton - Research-IT · MozendaSupport · Jul 8, 2010"
What is web scraping? Here's what you need to know about,https://www.businessinsider.com/what-is-web-scraping,"Business Insider · Jan 14, 2021"
What is web scraping? Here's what you need to know about,https://www.businessinsider.com/what-is-web-scraping,"Business Insider · Jan 14, 2021"
Web Scraper for Mac: How to Scrape Data from Any Website ...,https://www.parsehub.com/blog/web-scraper-mac/,"ParseHub · ParseHub · May 4, 2020"
How to Maintain Data Quality While Web Scraping | Octoparse,https://www.octoparse.com/blog/how-to-maintain-data-quality-while-web-scraping,"Octoparse · Octoparse · Jan 20, 2021"
OCR screen scraping - UI Vision,https://ui.vision/rpa/x/desktop-automation/screen-scraping,"UI Vision · UI.Vision · May 12, 2019"
Web Data Extraction Automation - UiPath,https://www.uipath.com/learning/video-tutorials/web-data-extraction-automation,"UiPath · UiPath · Jan 19, 2021"
Web Scraping for SQL Machine learning using R scripts,https://www.sqlshack.com/web-scraping-for-sql-machine-learning-using-r-scripts/,"SQLShack · ApexSQL by Quest · Dec 14, 2020"
"Web Scraping with Beautiful Soup, Selenium, or Scrapy?",https://towardsdatascience.com/web-scraping-with-beautiful-soup-selenium-or-scrapy-62c6f3545de7,"Towards Data Science · Frank Andrade · Dec 16, 2020"
Screen Scraping software for desktop and web - UiPath,https://www.uipath.com/solutions/technology/screen-scraping,"UiPath · UiPath · Apr 15, 2014"
Instant Data Scraper - Microsoft Edge Addons,https://microsoftedge.microsoft.com/addons/detail/instant-data-scraper/onnjkaofddpgfmbcnbnfacjacjamelfa,"Edge Add-ons · Web Robots · Dec 11, 2019"
The Ultimate Guide to Web Scraping for Recruiters - AIMultiple,https://research.aimultiple.com/web-scraping-recruitment/,"AIMultiple · Bright Data - Formerly Luminati Networks · Aug 18, 2021"
Web Scraping vs API: What Are the Differences? - LinkedIn,https://www.linkedin.com/pulse/web-scraping-vs-api-what-differences-iveta-vi%C5%A1torskyt%C4%97,"LinkedIn · BAUDATV · Jun 8, 2020"
Web Scraping vs Web Crawling: What's the Difference?,https://www.parsehub.com/blog/web-scraping-vs-web-crawling/,"ParseHub · ParseHub · Feb 3, 2020"
How to Find Products to Sell Online Using Web Scraping,https://www.octoparse.com/blog/how-to-find-prodcts-to-sell-online-using-web-scraping,"Octoparse · Octoparse · Mar 11, 2021"
How to Scrape Data with a Simple and Easy-to-Use Scraper,https://www.parsehub.com/blog/simple-easy-web-scraper/,"ParseHub · ParseHub · Aug 31, 2020"
Scraping Data from the Web | Online RPA with UiPath Training,https://kubicle.com/learn/rpa-with-uipath/scraping-data-from-the-web,"Kubicle · Jun 7, 2021"
"Linkedin Data From 500 Million Users Scraped, for Sale Online",https://www.businessinsider.com/linkedin-data-scraped-500-million-users-for-sale-online-2021-4,"Business Insider · Apr 8, 2021"
Best Tools for Web Scraping | ParseHub,https://www.parsehub.com/blog/best-tools-web-scraping/,"ParseHub · ParseHub · Aug 24, 2020"
How to Scrape Websites Without Being Blocked in 5 Mins?,https://www.octoparse.com/blog/scrape-websites-without-being-blocked,"Octoparse · Octoparse · Aug 9, 2021"
Web scraping Product data from Target - ParseHub,https://www.parsehub.com/blog/web-scraping-target/,"ParseHub · Proxyway · Sept 3, 2021"
What is Web Scraping? | Practical Uses & Methods - WebHarvy,https://www.webharvy.com/articles/what-is-web-scraping.html,"WebHarvy · sysnucleus · Oct 26, 2021"
RPA for Web Scraping: In-Depth Guide in 2021 - AIMultiple,https://research.aimultiple.com/rpa-web-scraping/,"AIMultiple · ARGOS LABS · Jul 18, 2021"
Scraping | Cleaning Data | Journalist's Toolbox,https://www.journaliststoolbox.org/2021/12/23/find-scrape-and-clean-data/,Journalist&#39;s Toolbox · Journalists Toolbox · 2 weeks ago
Modern Web Scraping Guide - Fireship.io,https://fireship.io/lessons/web-scraping-guide/,"Fireship.io · Fireship · Jul 17, 2019"
How to scrape ANY website with python and beautiful soup ...,https://towardsdatascience.com/how-to-scrape-any-website-with-python-and-beautiful-soup-bc84e95a3483,"Towards Data Science · Patrick Collins · Jun 29, 2020"
QVC Can't Stop Web Scraping - Forbes,https://www.forbes.com/sites/ericgoldman/2015/03/24/qvc-cant-stop-web-scraping/,"Forbes · Mar 24, 2015"
How to Scrape Search Results from a List of Keywords,https://www.parsehub.com/blog/scrape-from-a-list-of-keywords/,"ParseHub · ParseHub · Oct 26, 2020"
Web scraping data with Azure Data Factory - SQLShack,https://www.sqlshack.com/web-scraping-data-with-azure-data-factory/,"SQLShack · ApexSQL by Quest · Aug 3, 2021"
Web Scraping With Google Sheets | Hacker Noon,https://hackernoon.com/web-scraping-with-google-sheets-20d0dce323cc,"Hacker Noon · Seattle Data Guy · May 16, 2018"
How to scrape a website without code | Ultimate Guide,https://www.bardeen.ai/posts/how-to-scrape-a-website-without-code,"Bardeen.ai · Bardeen · Aug 10, 2021"
How Web Scraping Works for Content Aggregation | Octoparse,https://www.octoparse.com/blog/how-web-scraping-for-content-curation-works,"Octoparse · Octoparse · Jan 25, 2021"
In-Depth Guide to Web Scraping for Machine Learning in 2021,https://research.aimultiple.com/machine-learning-web-scraping/,"AIMultiple · CNET Highlights · Aug 13, 2021"
Byteline Web Scraper,https://www.byteline.io/web-scraper,"Byteline · Byteline · Mar 30, 2021"
How to Scrape Data from a Website on to an Excel Spreadsheet,https://www.parsehub.com/blog/web-scraping-excel-sheet/,"ParseHub · ParseHub · Aug 2, 2021"
Top 20 Web Crawling Tools to Scrape the Websites Quickly,https://www.octoparse.com/blog/top-20-web-crawling-tools-for-extracting-web-data,"Octoparse · Octoparse · Jul 29, 2021"
Web Scraping with Python Online Class | LinkedIn Learning ...,https://www.linkedin.com/learning/web-scraping-with-python,"LinkedIn · Ryan Mitchell · Dec 15, 2020"
Robust & Resilient Web Scraping with AutoScrape - Medium,https://medium.com/analytics-vidhya/robust-resilient-web-scraping-with-autoscrape-3988169f1e22,"Medium · Brandon Roberts · Sept 27, 2020"
Scraping Data from the Web | Online RPA with UiPath Training,https://kubicle.com/learn/rpa-with-uipath/scraping-data-from-the-web,"Kubicle · Jun 7, 2021"
Scraping Data from Website to Excel (Tutorial 2021) | Octoparse,https://www.octoparse.com/blog/scraping-data-from-website-to-excel,"Octoparse · Octoparse · Aug 2, 2021"
What Is Web Scraping and 5 Findings about Web ... - Octoparse,https://www.octoparse.com/blog/what-is-web-scraping,"Octoparse · Octoparse · Feb 1, 2021"
A Beginner's Guide To Web Scraping Python - Simplilearn,https://www.simplilearn.com/tutorials/python-tutorial/web-scraping-with-python,"Simplilearn · Simplilearn · Sept 15, 2021"
Data Scraping | Gavagai,https://www.gavagai.io/solutions/scraping/,"Gavagai · Gavagai · Jan 23, 2020"
Best Web Scraper for Mac: Scrape Data from Any Website,https://www.octoparse.com/blog/best-web-scraper-for-mac,"Octoparse · Octoparse · Aug 9, 2021"
Web Scraping Tool to Extract Data from Websites - Agenty,https://www.agenty.com/products/scraping-agent/,"Agenty · Agenty · Jun 10, 2017"
Web Scraping Templates Take Away! | Octoparse,https://www.octoparse.com/blog/big-announcement-web-scraping-template-take-away,"Octoparse · Octoparse · Jan 26, 2021"
NoCoding Data Scraper - Easy Web Scraping - Microsoft ...,https://microsoftedge.microsoft.com/addons/detail/nocoding-data-scraper-i/daiklcgdelcbcmjepemiklfglodmofbm,"Microsoft Edge Add-ons · NoCoding Web Data Scraper -visualized web scraping · Aug 27, 2020"
Screen Scraping Any Desktop Application - UiPath,https://www.uipath.com/learning/video-tutorials/screen-scraping-desktop-application,"UiPath · UiPath · Dec 19, 2014"
How to Use Content Scrapers to Automate these 7 SEO Hacks,https://neilpatel.com/blog/automate-seo-with-content-scrapers/,"Neil Patel · Neil Patel · Feb 16, 2018"
What is Web Scraping and How Does It Work - Data Science ...,https://www.datasciencecentral.com/profiles/blogs/what-is-web-scraping-and-how-does-it-work,"Data Science Central · Mar 16, 2020"
How to Use Content Scrapers to Automate these 7 SEO Hacks,https://neilpatel.com/blog/automate-seo-with-content-scrapers/,"Neil Patel · Neil Patel · Feb 16, 2018"
